{
  "train_loss": [
    1.4592480297329307
  ],
  "val_loss": [
    3.766515696267225
  ],
  "train_f1": [
    15.81041790321793
  ],
  "val_f1": [
    2.9502218858820197
  ],
  "train_acc": [
    24.583848948145782
  ],
  "val_acc": [
    2.3471554711076337
  ],
  "learning_rates": [
    9.755282581475769e-05
  ]
}