{
  "train_loss": [
    1.2997371838851408,
    1.5961595760150389,
    1.5465601018883965,
    1.489025894891132,
    1.3661519641225988
  ],
  "val_loss": [
    3.5294249607966495,
    2.8241767699901876,
    2.856816603587224,
    3.0443787574768066,
    2.975321347896869
  ],
  "train_f1": [
    51.706578886315256,
    35.99938813847596,
    35.49299432916773,
    38.55475827501261,
    42.75305352231234
  ],
  "val_f1": [
    13.200871228230799,
    15.33912494547173,
    15.503218895670734,
    15.352975358667049,
    15.85989754606737
  ],
  "train_acc": [
    51.96568977841315,
    37.74124374553252,
    37.95568263045032,
    40.17155110793424,
    44.81772694781987
  ],
  "val_acc": [
    13.25,
    17.5,
    17.25,
    17.5,
    17.0
  ],
  "learning_rates": [
    9.755282581475769e-05,
    9.045084971874738e-05,
    7.938926261462366e-05,
    6.545084971874738e-05,
    5e-05
  ]
}