{
  "train_loss": [
    3.0525039993013654
  ],
  "val_loss": [
    2.9300159215927124
  ],
  "train_f1": [
    7.797257126432427
  ],
  "val_f1": [
    6.875882495573357
  ],
  "train_acc": [
    9.363831308077199
  ],
  "val_acc": [
    8.0
  ],
  "learning_rates": [
    9.755282581475769e-05
  ]
}