{
  "train_loss": [
    2.528766080737114
  ],
  "val_loss": [
    12.862536993026733
  ],
  "train_f1": [
    8.08811145689571
  ],
  "val_f1": [
    7.994228613815492
  ],
  "train_acc": [
    10.150107219442459
  ],
  "val_acc": [
    10.75
  ],
  "learning_rates": [
    9.755282581475769e-05
  ]
}