{
  "train_loss": [
    1.0480263977140898,
    0.6061156587514509,
    0.4196258514733861,
    0.31520448700848575,
    0.23187289777729927,
    0.1766303434643524,
    0.13933759333601034,
    0.11115780803501214,
    0.09705978275667769,
    0.09114214747106456
  ],
  "val_loss": [
    3.1174316509873017,
    3.0456959690855836,
    2.9735671409416473,
    3.2474699546208328,
    3.364674900797592,
    3.510577158124625,
    3.5495552633856904,
    3.61335523105387,
    3.73781110967199,
    3.7449495990214676
  ],
  "train_f1": [
    0.17602386601181405,
    0.3150489051529854,
    0.4068408406070725,
    0.46884850152382285,
    0.5275854495558975,
    0.5721441142594971,
    0.6103553290537072,
    0.64236939340102,
    0.6621689159383326,
    0.6722985125209526
  ],
  "val_f1": [
    0.037788490926168546,
    0.046344789108541534,
    0.05662230674963041,
    0.058074858903112474,
    0.07640324620248216,
    0.07918193144647521,
    0.09864948290335236,
    0.10084238713422021,
    0.10649276212264208,
    0.10195879548086853
  ],
  "train_acc": [
    26.803051317614425,
    40.55195972671701,
    49.40925669081009,
    55.15616170955977,
    60.4933990856321,
    64.2792931627883,
    67.48086505368059,
    70.38064416705194,
    71.91272409719012,
    72.72050136127805
  ],
  "val_acc": [
    2.5934915498022293,
    3.62279755483639,
    4.440848615605897,
    4.481301690039554,
    5.973570658036677,
    5.874685364976627,
    7.5961884214311395,
    8.477166486875225,
    8.998561668464582,
    8.854728514922689
  ],
  "learning_rates": [
    9.755282581475769e-05,
    9.045084971874738e-05,
    7.938926261462366e-05,
    6.545084971874738e-05,
    5e-05,
    3.4549150281252636e-05,
    2.061073738537635e-05,
    9.549150281252633e-06,
    2.4471741852423237e-06,
    0.0001
  ]
}