{
  "train_loss": [
    2.513608505780047
  ],
  "val_loss": [
    2.6877746200561523
  ],
  "train_f1": [
    9.762631976702986
  ],
  "val_f1": [
    5.8987466179404615
  ],
  "train_acc": [
    11.794138670478914
  ],
  "val_acc": [
    9.0
  ],
  "learning_rates": [
    9.755282581475769e-05
  ]
}